display_name,stub,dropdown_parent
Home,/
Browse,/browse.html
Subjects,/subjects.html
Data,/data.html
Learning the Basics
Yarn,/yarn.html,Learning the Basics
Needles,/needles.html,Learning the Basics
Cast on Cast off,/casting.html,Learning the Basics
Related Resources
Online Resources,/onlineresources.html,Related Resources
Print Resources,/printresources.html,Related Resources
Where to Find Patterns,/findpatterns.html,Related Resources
About
About the collection,/about.html,About
People,/people.html,About
